{
    "HOLLERER T": 3.8233328948622445,
    "KRUEGEL C I": 3.7948907286797886,
    "PETZOLD L": 3.88008487654321,
    "SHERWOOD T P": 3.846669751533429,
    "SINGH A K": 3.7029625512628366,
    "TURK M A": 3.70056262679371,
    "ZHAO B Y": 3.632594407454098,
    "GILBERT J R": 3.685251326462862,
    "VIGNA G": 3.937270510271308,
    "YAN X": 3.782403417438246,
    "BULTAN T": 3.4999693502417206,
    "KRINTZ C": 3.8466833241140677,
    "SURI S": 3.489275415833553,
    "KEMMERER R A": 2.992629911797055,
    "ALMEROTH K C": 3.2936162332661216,
    "IBARRA O H": 3.19172149122807,
    "GONZALEZ T F": 3.050174552649237,
    "ZHENG H": 3.7600096290685725,
    "FRANKLIN D M": 2.9939451107272155,
    "BELDING E M": 3.441007168280711,
    "WANG Y F": 3.150113322732261,
    "HARDEKOPF B C": 3.7066590824791423,
    "SU J": 3.4340518619252074,
    "MANJUNATH B S": 3.389143242378536,
    "KOC C K": 3.524551855156656,
    "VAN DAM W": 3.019767907689109,
    "CONRAD P T": 3.732945593430675,
    "COSTANZO C": 3.3586317779410706,
    "EGECIOGLU O": 3.1583712650236113,
    "AGRAWAL D": 3.574885200238945,
    "YANG T": 3.666357914733118,
    "EL ABBADI A": 3.5214873536202824,
    "MELLIAR-SMITH": 3.3333333333333335,
    "CAPPELLO P R": 3.1105827598875804,
    "SANFT K": 2.6000000000000005,
    "WITTIE M P": 3.1040000000000005,
    "STONE-GROSS B": 2.8857142857142857,
    "CHANDRASEKARA": 3.9916666666666667,
    "BREWER F": 3.275054112554112,
    "DUNCAN A M": 3.320072544414649,
    "BUONI M J": 3.157830417964955,
    "WOLSKI R M": 3.519722836339591,
    "MAZLOOM B": 3.3799999999999994,
    "PEJOVIC V": 2.553061224489796,
    "WALKER J": 3.9362857142857144,
    "GIBOU F G": 3.789941989696442,
    "CHONG F T": 3.713691148775895,
    "BLACK J": 3.8038461538461537,
    "MOSER L E": 3.258408258408258,
    "BOE B A": 3.5465827084453116,
    "DEEK L": 2.669230769230769,
    "DEWEY K T": 3.2980520467075425,
    "KIM T": 3.37609649122807,
    "ROSE K": 3.7565909090909093,
    "TESSARO S M": 3.578865709613536,
    "LIN HUIJIA": 3.4414036977432896,
    "BANG L A": 3.0615384615384613,
    "MUTZ A A": 3.907142857142857,
    "BULLO F": 3.7277777777777774,
    "PROULX S R": 3.8338888888888887,
    "FRAGOSO V M": 3.7538461538461543,
    "VIGIL M A": 2.5619047619047612,
    "STRNADOVA V": 2.9266666666666663,
    "GADER P D": 4.0,
    "MOHR J": 3.94,
    "O'DONOVAN J": 3.5565384615384614,
    "COAKLEY C J": 3.4018040246308767,
    "SPENSKY C S": 2.8756097560975613,
    "BARNARD E M": 3.0055045871559636,
    "MATNI Z A": 3.34791701799821,
    "SEN P": 3.7154049654049652,
    "GIBSON J D": 3.6325,
    "WANG Y W": 3.8184718778903166,
    "MIRZA D": 3.6106887838128072,
    "NICHOLS L H": 3.2648759674775527,
    "BOCHKOV D": 3.269014084507042,
    "NEELEY V": 3.490740740740741,
    "WANG R K": 3.313005513971275,
    "DING YUFEI": 3.6401292981132243,
    "YAN L": 3.722517557197098,
    "ZHOU HANMING": 4.0,
    "MOCK M U": 3.715862573099416,
    "WANG YUXIANG": 3.6897607104425347,
    "PARK S": 4.0,
    "GUPTA T": 3.488904518673253,
    "LOKSHTANOV D": 3.3489638724363355,
    "KHARITONOVA Y": 3.3505273553638784,
    "DING Y": 3.5549999999999997,
    "ELSHERIF M E": 2.641025641025641,
    "FENG YU": 3.7141498216856887,
    "GUPTA A": 3.8460875140333557,
    "SRA M": 3.741731636799817,
    "JACOBS J M": 3.9535714285714283,
    "ANANTH P V": 3.454115390201095,
    "BEYELER M": 3.8182819805497386,
    "BAKO S C": 3.9,
    "KOZERAWSKI J": 3.8227181877175096,
    "SISCO Z D": 3.3637373629787417,
    "SHLOMI S": 3.142801490514905,
    "BURK K T": 3.3306308768521773,
    "MOEHLIS J M": 3.5073341448569693,
    "CHU S": 3.586752136752137,
    "EIERS W J": 4.0,
    "EMRE M": 3.3679960745551663,
    "BALKIND J M": 3.7738129842840404,
    "FRANKS A": 3.8623626373626374,
    "OH SANG-YUN": 3.9615384615384617,
    "LARIOS CARDEN": 3.6999999999999997,
    "SOLIS S W": 3.5432268656968944,
    "WOOD Z J": 3.6097502805836137,
    "SHANKAR S C": 3.670588235294118,
    "KASOWSKI J M": 3.2347826086956526,
    "PAKRAVAN S": 3.3958333333333335,
    "VIGODA E J": 3.7194664170342233,
    "LI LEI": 3.525554373522459,
    "CHANG SHIYU": 3.934421052631579,
    "RUIZ T D": 3.763186813186813,
    "DENG Z": 3.344444444444444,
    "DEBRUHL B E": 3.4212121212121214,
    "ELSAYED S H": 3.683333333333333,
    "BOONE R G": 2.9904761904761905,
    "SHAFIUZZAMAN": 3.65625,
    "MOHAN A": 2.9727272727272727,
    "DOWNING M E": 3.896774193548387,
    "QUEVEDO A M": 3.771153846153846,
    "GOLUBOVIC N": 3.978125,
    "HANSEN K D": 3.4510638297872345,
    "SURIANARAYANA": 3.0914529914529916,
    "GRIESSBAUM N": 3.470045219638243,
    "BOYLAND P": 3.3889411764705883,
    "ZHOU E": 3.105405405405405
}